time,node_source,node_source_id,latitude,longitude,sensor_source,sensor_source_id,parameter,value,unit,quality_codes
2025-01-01 00:00:00+00:00,Node 1,sfi_smart_ocean;demo;d1;1,60.090717,5.263733,Aanderaa Temperature PROBE,sfi_smart_ocean;demo;d1;1;AANDERAA_TEMPERATURE,sea_water_temperature,18.68,degrees_C,0
2025-01-01 00:00:00+00:00,Node 1,sfi_smart_ocean;demo;d1;1,60.090717,5.263733,Aanderaa Conductivity PROBE,sfi_smart_ocean;demo;d1;1;AANDERAA_CONDUCTIVITY,sea_water_electrical_conductivity,5.247,S m-1,0
2025-01-01 00:00:00+00:00,Node 1,sfi_smart_ocean;demo;d1;1,60.090717,5.263733,Aanderaa Salinity PROBE,sfi_smart_ocean;demo;d1;1;AANDERAA_SALINITY,sea_water_salinity,35.45,PSU,0
2025-01-01 00:00:00+00:00,Node 1,sfi_smart_ocean;demo;d1;1,60.090717,5.263733,Aanderaa Oxygen PROBE,sfi_smart_ocean;demo;d1;1;AANDERAA_OXYGEN,dissolved_oxygen,155.8,umol L-1,0
2025-01-01 00:00:00+00:00,Node 1,sfi_smart_ocean;demo;d1;1,60.090717,5.263733,Aanderaa Turbidity PROBE,sfi_smart_ocean;demo;d1;1;AANDERAA_TURBIDITY,turbidity,199.71,NTU,0
2025-01-01 00:30:00+00:00,Node 1,sfi_smart_ocean;demo;d1;1,60.090717,5.263733,Aanderaa Temperature PROBE,sfi_smart_ocean;demo;d1;1;AANDERAA_TEMPERATURE,sea_water_temperature,19.14,degrees_C,0
2025-01-01 00:30:00+00:00,Node 1,sfi_smart_ocean;demo;d1;1,60.090717,5.263733,Aanderaa Conductivity PROBE,sfi_smart_ocean;demo;d1;1;AANDERAA_CONDUCTIVITY,sea_water_electrical_conductivity,3.364,S m-1,0
2025-01-01 00:30:00+00:00,Node 1,sfi_smart_ocean;demo;d1;1,60.090717,5.263733,Aanderaa Salinity PROBE,sfi_smart_ocean;demo;d1;1;AANDERAA_SALINITY,sea_water_salinity,10.42,PSU,0
2025-01-01 00:30:00+00:00,Node 1,sfi_smart_ocean;demo;d1;1,60.090717,5.263733,Aanderaa Oxygen PROBE,sfi_smart_ocean;demo;d1;1;AANDERAA_OXYGEN,dissolved_oxygen,268.9,umol L-1,0
2025-01-01 00:30:00+00:00,Node 1,sfi_smart_ocean;demo;d1;1,60.090717,5.263733,Aanderaa Turbidity PROBE,sfi_smart_ocean;demo;d1;1;AANDERAA_TURBIDITY,turbidity,59.73,NTU,0
2025-01-01 01:00:00+00:00,Node 1,sfi_smart_ocean;demo;d1;1,60.090717,5.263733,Aanderaa Temperature PROBE,sfi_smart_ocean;demo;d1;1;AANDERAA_TEMPERATURE,sea_water_temperature,1.36,degrees_C,0
2025-01-01 01:00:00+00:00,Node 1,sfi_smart_ocean;demo;d1;1,60.090717,5.263733,Aanderaa Conductivity PROBE,sfi_smart_ocean;demo;d1;1;AANDERAA_CONDUCTIVITY,sea_water_electrical_conductivity,3.075,S m-1,0
2025-01-01 01:00:00+00:00,Node 1,sfi_smart_ocean;demo;d1;1,60.090717,5.263733,Aanderaa Salinity PROBE,sfi_smart_ocean;demo;d1;1;AANDERAA_SALINITY,sea_water_salinity,10.08,PSU,0
2025-01-01 01:00:00+00:00,Node 1,sfi_smart_ocean;demo;d1;1,60.090717,5.263733,Aanderaa Oxygen PROBE,sfi_smart_ocean;demo;d1;1;AANDERAA_OXYGEN,dissolved_oxygen,138.2,umol L-1,0
2025-01-01 01:00:00+00:00,Node 1,sfi_smart_ocean;demo;d1;1,60.090717,5.263733,Aanderaa Turbidity PROBE,sfi_smart_ocean;demo;d1;1;AANDERAA_TURBIDITY,turbidity,188.33,NTU,0
2025-01-01 01:30:00+00:00,Node 1,sfi_smart_ocean;demo;d1;1,60.090717,5.263733,Aanderaa Temperature PROBE,sfi_smart_ocean;demo;d1;1;AANDERAA_TEMPERATURE,sea_water_temperature,5.17,degrees_C,0
2025-01-01 01:30:00+00:00,Node 1,sfi_smart_ocean;demo;d1;1,60.090717,5.263733,Aanderaa Conductivity PROBE,sfi_smart_ocean;demo;d1;1;AANDERAA_CONDUCTIVITY,sea_water_electrical_conductivity,2.593,S m-1,0
2025-01-01 01:30:00+00:00,Node 1,sfi_smart_ocean;demo;d1;1,60.090717,5.263733,Aanderaa Salinity PROBE,sfi_smart_ocean;demo;d1;1;AANDERAA_SALINITY,sea_water_salinity,30.45,PSU,0
2025-01-01 01:30:00+00:00,Node 1,sfi_smart_ocean;demo;d1;1,60.090717,5.263733,Aanderaa Oxygen PROBE,sfi_smart_ocean;demo;d1;1;AANDERAA_OXYGEN,dissolved_oxygen,269.1,umol L-1,0
2025-01-01 01:30:00+00:00,Node 1,sfi_smart_ocean;demo;d1;1,60.090717,5.263733,Aanderaa Turbidity PROBE,sfi_smart_ocean;demo;d1;1;AANDERAA_TURBIDITY,turbidity,6.14,NTU,0
2025-01-01 02:00:00+00:00,Node 1,sfi_smart_ocean;demo;d1;1,60.090717,5.263733,Aanderaa Temperature PROBE,sfi_smart_ocean;demo;d1;1;AANDERAA_TEMPERATURE,sea_water_temperature,13.6,degrees_C,0
2025-01-01 02:00:00+00:00,Node 1,sfi_smart_ocean;demo;d1;1,60.090717,5.263733,Aanderaa Conductivity PROBE,sfi_smart_ocean;demo;d1;1;AANDERAA_CONDUCTIVITY,sea_water_electrical_conductivity,5.759,S m-1,0
2025-01-01 02:00:00+00:00,Node 1,sfi_smart_ocean;demo;d1;1,60.090717,5.263733,Aanderaa Salinity PROBE,sfi_smart_ocean;demo;d1;1;AANDERAA_SALINITY,sea_water_salinity,10.85,PSU,0
2025-01-01 02:00:00+00:00,Node 1,sfi_smart_ocean;demo;d1;1,60.090717,5.263733,Aanderaa Oxygen PROBE,sfi_smart_ocean;demo;d1;1;AANDERAA_OXYGEN,dissolved_oxygen,237.1,umol L-1,0
2025-01-01 02:00:00+00:00,Node 1,sfi_smart_ocean;demo;d1;1,60.090717,5.263733,Aanderaa Turbidity PROBE,sfi_smart_ocean;demo;d1;1;AANDERAA_TURBIDITY,turbidity,18.41,NTU,0
